{
  "total_return": 6.608123842768222,
  "buy_hold_return": 1.4253446120647326,
  "sharpe_ratio": 1.8983207682626488,
  "max_drawdown": -0.35209451878130965,
  "win_rate": 0.31728045325779036,
  "trade_count": 250,
  "invalid_action_count": 0,
  "actions": [
    2,
    1,
    0,
    2,
    0,
    2,
    1,
    1,
    1,
    1,
    1,
    1,
    1,
    1,
    1,
    1,
    1,
    1,
    1,
    1,
    1,
    1,
    1,
    1,
    1,
    1,
    1,
    1,
    1,
    1,
    1,
    1,
    1,
    1,
    1,
    1,
    1,
    1,
    1,
    1,
    1,
    1,
    1,
    1,
    1,
    1,
    1,
    1,
    1,
    1,
    1,
    1,
    0,
    2,
    0,
    2,
    0,
    2,
    0,
    2,
    0,
    1,
    1,
    2,
    0,
    2,
    0,
    2,
    1,
    0,
    2,
    0,
    2,
    0,
    2,
    0,
    2,
    0,
    2,
    0,
    1,
    1,
    1,
    1,
    2,
    1,
    1,
    1,
    0,
    1,
    1,
    2,
    1,
    0,
    1,
    1,
    1,
    1,
    2,
    0,
    2,
    1,
    1,
    1,
    0,
    2,
    0,
    1,
    2,
    0,
    1,
    1,
    1,
    1,
    1,
    2,
    0,
    2,
    0,
    2,
    0,
    2,
    1,
    1,
    1,
    1,
    1,
    1,
    1,
    0,
    2,
    0,
    2,
    0,
    1,
    2,
    0,
    2,
    0,
    2,
    0,
    2,
    1,
    1,
    1,
    0,
    2,
    0,
    2,
    0,
    2,
    0,
    1,
    1,
    1,
    1,
    1,
    1,
    1,
    1,
    1,
    1,
    1,
    1,
    1,
    1,
    1,
    1,
    1,
    1,
    1,
    1,
    1,
    1,
    1,
    2,
    0,
    1,
    1,
    1,
    1,
    1,
    2,
    0,
    2,
    0,
    2,
    0,
    1,
    2,
    0,
    2,
    0,
    2,
    0,
    2,
    0,
    2,
    1,
    0,
    1,
    1,
    1,
    1,
    2,
    0,
    1,
    1,
    1,
    1,
    2,
    0,
    2,
    1,
    0,
    2,
    0,
    1,
    1,
    1,
    1,
    1,
    2,
    0,
    2,
    1,
    1,
    1,
    1,
    1,
    1,
    0,
    2,
    1,
    1,
    0,
    2,
    0,
    2,
    0,
    2,
    0,
    1,
    1,
    1,
    1,
    2,
    1,
    0,
    2,
    0,
    2,
    0,
    1,
    1,
    2,
    0,
    1,
    1,
    2,
    0,
    2,
    0,
    2,
    1,
    1,
    1,
    1,
    1,
    1,
    1,
    1,
    1,
    1,
    1,
    1,
    1,
    1,
    1,
    0,
    2,
    0,
    1,
    2,
    0,
    1,
    2,
    0,
    1,
    1,
    1,
    1,
    1,
    1,
    1,
    1,
    1,
    1,
    1,
    2,
    1,
    1,
    1,
    1,
    1,
    0,
    1,
    2,
    1,
    0,
    2,
    1,
    1,
    1,
    1,
    1,
    1,
    1,
    0,
    2,
    1,
    1,
    1,
    1,
    1,
    1,
    0,
    2,
    0,
    1,
    1,
    1,
    1,
    1,
    1,
    1,
    1,
    2,
    0,
    1,
    1,
    1,
    1,
    1,
    1,
    1,
    2,
    0,
    1,
    1,
    1,
    1,
    1,
    1,
    2,
    0,
    2,
    0,
    1,
    1,
    1,
    1,
    1,
    1,
    1,
    1,
    1,
    1,
    1,
    2,
    0,
    2,
    0,
    1,
    1,
    1,
    1,
    1,
    1,
    1,
    1,
    2,
    1,
    1,
    1,
    1,
    0,
    2,
    0,
    2,
    0,
    1,
    1,
    1,
    1,
    1,
    1,
    1,
    1,
    1,
    1,
    1,
    2,
    1,
    1,
    1,
    1,
    0,
    2,
    1,
    1,
    1,
    1,
    1,
    1,
    0,
    2,
    1,
    1,
    1,
    1,
    0,
    2,
    1,
    0,
    2,
    0,
    2,
    0,
    2,
    0,
    1,
    2,
    0,
    2,
    0,
    2,
    1,
    0,
    1,
    2,
    1,
    1,
    1,
    1,
    1,
    1,
    1,
    1,
    0,
    1,
    2,
    0,
    2,
    0,
    1,
    1,
    1,
    1,
    2,
    0,
    2,
    0,
    1,
    2,
    0,
    1,
    1,
    2,
    1,
    0,
    2,
    1,
    1,
    1,
    1,
    1,
    1,
    1,
    1,
    1,
    1,
    1,
    1,
    0,
    2,
    0,
    1,
    2,
    1,
    1,
    1,
    1,
    1,
    1,
    1,
    1,
    1,
    1,
    1,
    1,
    0,
    2,
    0,
    2,
    1,
    1,
    1,
    1,
    1,
    1,
    1,
    1,
    1,
    1,
    1,
    1,
    1,
    1,
    1,
    1,
    0,
    2,
    1,
    1,
    1,
    1,
    1,
    1,
    1,
    1,
    1,
    1,
    1,
    1,
    1,
    1,
    1,
    1,
    1,
    0,
    2,
    0,
    2,
    1,
    0,
    2,
    1,
    1,
    1,
    1,
    1,
    1,
    1,
    1,
    1,
    1,
    1,
    1,
    1,
    1,
    1,
    1,
    1,
    1,
    1,
    0,
    2,
    0,
    2,
    1,
    1,
    0,
    2,
    0,
    2,
    1,
    0,
    2,
    0,
    2,
    0,
    2,
    0,
    2,
    0,
    2,
    1,
    1,
    1,
    1,
    1,
    1,
    1,
    1,
    1,
    1,
    1,
    1,
    1,
    1,
    1,
    1,
    1,
    1,
    0,
    2,
    0,
    1,
    1,
    1,
    1,
    2,
    0,
    2,
    0,
    1,
    1,
    1,
    1,
    1,
    1,
    1,
    1,
    1,
    1,
    2,
    1,
    1,
    1,
    1,
    1,
    0,
    2,
    0,
    1,
    1,
    2,
    0,
    2,
    0,
    1,
    2,
    1,
    1,
    1,
    1,
    1,
    1,
    1,
    1,
    1,
    1,
    1,
    1,
    1,
    1,
    1,
    0,
    2,
    0,
    2,
    0,
    1,
    1,
    1,
    1,
    2,
    1,
    1,
    1,
    1,
    1,
    1,
    1,
    1,
    1,
    1,
    0,
    1,
    1,
    1,
    1,
    1,
    1,
    1,
    1,
    1,
    1,
    1,
    1,
    1,
    1,
    2,
    1,
    1,
    1,
    1,
    0,
    2,
    0,
    1,
    1,
    1,
    1,
    1
  ],