{
  "total_return": 1.647271189113913,
  "buy_hold_return": 0.31937279043484557,
  "sharpe_ratio": 1.8672484816252533,
  "max_drawdown": -0.1782747033768974,
  "win_rate": 0.4235127478753541,
  "trade_count": 236,
  "invalid_action_count": 0,
  "actions": [
    2,
    0,
    1,
    1,
    1,
    2,
    1,
    1,
    1,
    1,
    1,
    1,
    0,
    2,
    1,
    1,
    0,
    2,
    0,
    2,
    1,
    0,
    2,
    1,
    0,
    2,
    1,
    1,
    1,
    1,
    1,
    1,
    1,
    1,
    1,
    1,
    1,
    1,
    1,
    1,
    1,
    1,
    1,
    1,
    1,
    1,
    1,
    1,
    1,
    1,
    1,
    1,
    1,
    1,
    1,
    1,
    0,
    2,
    0,
    1,
    1,
    2,
    1,
    1,
    1,
    1,
    1,
    1,
    1,
    1,
    1,
    1,
    1,
    1,
    1,
    1,
    1,
    1,
    1,
    1,
    1,
    1,
    1,
    1,
    1,
    1,
    1,
    1,
    1,
    1,
    1,
    1,
    1,
    0,
    2,
    1,
    1,
    1,
    1,
    1,
    1,
    1,
    1,
    1,
    0,
    2,
    0,
    2,
    0,
    2,
    1,
    1,
    1,
    1,
    1,
    1,
    1,
    0,
    2,
    1,
    0,
    2,
    0,
    2,
    1,
    0,
    2,
    0,
    2,
    0,
    2,
    0,
    2,
    0,
    2,
    0,
    2,
    0,
    2,
    0,
    2,
    0,
    2,
    1,
    1,
    0,
    2,
    0,
    2,
    0,
    2,
    1,
    1,
    1,
    1,
    0,
    2,
    1,
    0,
    2,
    0,
    2,
    1,
    0,
    2,
    0,
    2,
    0,
    2,
    1,
    1,
    1,
    1,
    0,
    1,
    1,
    2,
    1,
    1,
    1,
    1,
    1,
    0,
    2,
    0,
    2,
    0,
    2,
    0,
    2,
    0,
    2,
    0,
    2,
    1,
    0,
    2,
    0,
    2,
    1,
    0,
    2,
    0,
    1,
    2,
    0,
    2,
    0,
    2,
    1,
    0,
    1,
    2,
    1,
    1,
    1,
    1,
    1,
    0,
    1,
    1,
    2,
    0,
    2,
    1,
    1,
    1,
    1,
    1,
    1,
    0,
    2,
    0,
    2,
    1,
    0,
    2,
    1,
    1,
    1,
    1,
    1,
    1,
    1,
    1,
    1,
    1,
    0,
    2,
    0,
    2,
    1,
    1,
    1,
    1,
    1,
    0,
    2,
    1,
    1,
    1,
    0,
    1,
    1,
    2,
    1,
    0,
    2,
    1,
    1,
    1,
    0,
    2,
    1,
    0,
    1,
    1,
    2,
    1,
    1,
    0,
    2,
    0,
    2,
    0,
    2,
    0,
    2,
    1,
    0,
    2,
    0,
    2,
    0,
    2,
    0,
    2,
    1,
    1,
    1,
    1,
    1,
    1,
    1,
    0,
    2,
    1,
    1,
    1,
    0,
    1,
    1,
    1,
    2,
    0,
    2,
    0,
    2,
    1,
    1,
    1,
    1,
    1,
    0,
    1,
    2,
    1,
    1,
    1,
    0,
    2,
    1,
    1,
    0,
    2,
    1,
    1,
    0,
    2,
    1,
    1,
    1,
    1,
    0,
    2,
    1,
    0,
    2,
    0,
    2,
    0,
    2,
    0,
    2,
    0,
    2,
    0,
    2,
    1,
    0,
    2,
    1,
    1,
    1,
    1,
    1,
    1,
    1,
    1,
    1,
    1,
    1,
    1,
    1,
    1,
    1,
    1,
    1,
    1,
    1,
    1,
    1,
    1,
    1,
    1,
    1,
    1,
    1,
    1,
    1,
    1,
    1,
    1,
    1,
    1,
    1,
    1,
    1,
    1,
    1,
    1,
    1,
    1,
    1,
    1,
    1,
    1,
    1,
    1,
    1,
    1,
    1,
    1,
    1,
    1,
    1,
    1,
    1,
    1,
    0,
    2,
    0,
    2,
    0,
    2,
    0,
    2,
    1,
    1,
    1,
    1,
    1,
    1,
    1,
    1,
    1,
    1,
    1,
    1,
    1,
    1,
    1,
    0,
    2,
    1,
    1,
    1,
    0,
    2,
    1,
    1,
    0,
    2,
    0,
    1,
    2,
    0,
    2,
    0,
    2,
    1,
    0,
    2,
    1,
    1,
    0,
    2,
    1,
    1,
    1,
    1,
    1,
    1,
    1,
    0,
    2,
    0,
    1,
    2,
    1,
    1,
    0,
    2,
    0,
    2,
    0,
    2,
    1,
    1,
    1,
    0,
    2,
    1,
    0,
    2,
    0,
    2,
    0,
    2,
    0,
    2,
    0,
    2,
    1,
    1,
    0,
    2,
    0,
    2,
    0,
    2,
    1,
    1,
    1,
    0,
    2,
    1,
    1,
    0,
    2,
    1,
    1,
    1,
    0,
    2,
    0,
    2,
    1,
    1,
    1,
    1,
    0,
    2,
    0,
    2,
    0,
    2,
    1,
    1,
    1,
    1,
    1,
    1,
    1,
    1,
    1,
    1,
    1,
    1,
    1,
    1,
    1,
    1,
    1,
    1,
    1,
    1,
    1,
    1,
    1,
    1,
    1,
    1,
    1,
    1,
    1,
    1,
    1,
    1,
    1,
    1,
    1,
    1,
    1,
    1,
    1,
    1,
    1,
    1,
    1,
    1,
    1,
    1,
    1,
    1,
    1,
    1,
    1,
    1,
    1,
    1,
    1,
    1,
    1,
    1,
    1,
    1,
    1,
    1,
    1,
    1,
    1,
    1,
    1,
    1,
    1,
    1,
    1,
    1,
    1,
    1,
    1,
    1,
    1,
    1,
    1,
    1,
    1,
    1,
    1,
    1,
    1,
    1,
    1,
    1,
    1,
    1,
    1,
    1,
    1,
    1,
    1,
    1,
    1,
    1,
    1,
    1,
    1,
    1,
    1,
    1,
    1,
    1,
    1,
    1,
    1,
    1,
    1,
    1,
    1,
    1,
    1,
    1,
    1,
    1,
    1,
    1,
    1,
    1,
    1,
    1,
    1,
    1,
    1,
    1,
    1,
    1,
    1,
    1,
    1,
    1,
    1,
    1,
    1,
    1,
    1,
    1,
    1,
    1,
    1,
    1,
    1,
    1,
    1,
    1,
    1,
    1,
    1,
    1,
    1,
    1,
    1,
    1,
    1,
    1,
    1,
    1,
    1,
    1,
    1,
    1,
    1,
    0,
    2,
    0,
    1
  ],